game_date,season,week_end,week
2011-11-08,2012,2011-11-13,1
2011-11-10,2012,2011-11-13,1
2011-11-12,2012,2011-11-13,1
2011-11-11,2012,2011-11-13,1
2011-11-13,2012,2011-11-13,1
2011-11-14,2012,2011-11-20,2
2011-11-15,2012,2011-11-20,2
2011-11-16,2012,2011-11-20,2
2011-11-17,2012,2011-11-20,2
2011-11-18,2012,2011-11-20,2
2011-11-19,2012,2011-11-20,2
2011-11-20,2012,2011-11-20,2
2011-11-21,2012,2011-11-27,3
2011-11-22,2012,2011-11-27,3
2011-11-23,2012,2011-11-27,3
2011-11-24,2012,2011-11-27,3
2011-11-25,2012,2011-11-27,3
2011-11-26,2012,2011-11-27,3
2011-11-27,2012,2011-11-27,3
2011-11-28,2012,2011-12-04,4
2011-11-29,2012,2011-12-04,4
2011-11-30,2012,2011-12-04,4
2011-12-01,2012,2011-12-04,4
2011-12-02,2012,2011-12-04,4
2011-12-03,2012,2011-12-04,4
2011-12-04,2012,2011-12-04,4
2011-12-05,2012,2011-12-11,5
2011-12-06,2012,2011-12-11,5
2011-12-07,2012,2011-12-11,5
2011-12-08,2012,2011-12-11,5
2011-12-09,2012,2011-12-11,5
2011-12-10,2012,2011-12-11,5
2011-12-11,2012,2011-12-11,5
2011-12-12,2012,2011-12-18,6
2011-12-13,2012,2011-12-18,6
2011-12-14,2012,2011-12-18,6
2011-12-15,2012,2011-12-18,6
2011-12-16,2012,2011-12-18,6
2011-12-17,2012,2011-12-18,6
2011-12-18,2012,2011-12-18,6
2011-12-19,2012,2011-12-25,7
2011-12-20,2012,2011-12-25,7
2011-12-21,2012,2011-12-25,7
2011-12-22,2012,2011-12-25,7
2011-12-23,2012,2011-12-25,7
2011-12-24,2012,2011-12-25,7
2011-12-26,2012,2012-01-01,8
2011-12-25,2012,2011-12-25,7
2011-12-28,2012,2012-01-01,8
2011-12-29,2012,2012-01-01,8
2011-12-30,2012,2012-01-01,8
2011-12-31,2012,2012-01-01,8
2012-01-01,2012,2012-01-01,8
2012-01-02,2012,2012-01-08,9
2012-01-03,2012,2012-01-08,9
2012-01-04,2012,2012-01-08,9
2012-01-05,2012,2012-01-08,9
2012-01-06,2012,2012-01-08,9
2012-01-07,2012,2012-01-08,9
2012-01-08,2012,2012-01-08,9
2012-01-09,2012,2012-01-15,10
2012-01-10,2012,2012-01-15,10
2012-01-11,2012,2012-01-15,10
2012-01-12,2012,2012-01-15,10
2012-01-13,2012,2012-01-15,10
2012-01-14,2012,2012-01-15,10
2012-01-15,2012,2012-01-15,10
2012-01-16,2012,2012-01-22,11
2012-01-17,2012,2012-01-22,11
2012-01-18,2012,2012-01-22,11
2012-01-19,2012,2012-01-22,11
2012-01-20,2012,2012-01-22,11
2012-01-21,2012,2012-01-22,11
2012-01-22,2012,2012-01-22,11
2012-01-23,2012,2012-01-29,12
2012-01-24,2012,2012-01-29,12
2012-01-25,2012,2012-01-29,12
2012-01-26,2012,2012-01-29,12
2012-01-27,2012,2012-01-29,12
2012-01-28,2012,2012-01-29,12
2012-01-29,2012,2012-01-29,12
2012-01-30,2012,2012-02-05,13
2012-01-31,2012,2012-02-05,13
2012-02-01,2012,2012-02-05,13
2012-02-02,2012,2012-02-05,13
2012-02-03,2012,2012-02-05,13
2012-02-04,2012,2012-02-05,13
2012-02-05,2012,2012-02-05,13
2012-02-07,2012,2012-02-12,14
2012-02-08,2012,2012-02-12,14
2012-02-09,2012,2012-02-12,14
2012-02-10,2012,2012-02-12,14
2012-02-11,2012,2012-02-12,14
2012-02-12,2012,2012-02-12,14
2012-02-13,2012,2012-02-19,15
2012-02-14,2012,2012-02-19,15
2012-02-15,2012,2012-02-19,15
2012-02-16,2012,2012-02-19,15
2012-02-17,2012,2012-02-19,15
2012-02-18,2012,2012-02-19,15
2012-02-19,2012,2012-02-19,15
2012-02-20,2012,2012-02-26,16
2012-02-21,2012,2012-02-26,16
2012-02-22,2012,2012-02-26,16
2012-02-23,2012,2012-02-26,16
2012-02-24,2012,2012-02-26,16
2012-02-25,2012,2012-02-26,16
2012-02-26,2012,2012-02-26,16
2012-02-27,2012,2012-03-04,17
2012-02-28,2012,2012-03-04,17
2012-02-29,2012,2012-03-04,17
2012-03-01,2012,2012-03-04,17
2012-03-02,2012,2012-03-04,17
2012-03-03,2012,2012-03-04,17
2012-03-04,2012,2012-03-04,17
2012-03-05,2012,2012-03-11,18
2012-03-06,2012,2012-03-11,18
2012-03-07,2012,2012-03-11,18
2012-03-08,2012,2012-03-11,18
2012-03-09,2012,2012-03-11,18
2012-03-10,2012,2012-03-11,18
2012-03-11,2012,2012-03-11,18
2012-03-14,2012,2012-03-18,19
2012-03-13,2012,2012-03-18,19
2012-03-15,2012,2012-03-18,19
2012-03-17,2012,2012-03-18,19
2012-03-18,2012,2012-03-18,19
2012-03-20,2012,2012-03-25,20
2012-03-19,2012,2012-03-25,20
2012-03-21,2012,2012-03-25,20
2012-03-22,2012,2012-03-25,20
2012-03-27,2012,2012-04-01,21
2012-03-28,2012,2012-04-01,21
2012-03-29,2012,2012-04-01,21
2012-11-10,2013,2012-11-11,1
2012-11-09,2013,2012-11-11,1
2012-11-11,2013,2012-11-11,1
2012-11-12,2013,2012-11-18,2
2012-11-13,2013,2012-11-18,2
2012-11-14,2013,2012-11-18,2
2012-11-15,2013,2012-11-18,2
2012-11-16,2013,2012-11-18,2
2012-11-17,2013,2012-11-18,2
2012-11-18,2013,2012-11-18,2
2012-11-19,2013,2012-11-25,3
2012-11-20,2013,2012-11-25,3
2012-11-21,2013,2012-11-25,3
2012-11-22,2013,2012-11-25,3
2012-11-23,2013,2012-11-25,3
2012-11-24,2013,2012-11-25,3
2012-11-25,2013,2012-11-25,3
2012-11-26,2013,2012-12-02,4
2012-11-27,2013,2012-12-02,4
2012-11-28,2013,2012-12-02,4
2012-11-29,2013,2012-12-02,4
2012-11-30,2013,2012-12-02,4
2012-12-01,2013,2012-12-02,4
2012-12-02,2013,2012-12-02,4
2012-12-03,2013,2012-12-09,5
2012-12-04,2013,2012-12-09,5
2012-12-05,2013,2012-12-09,5
2012-12-06,2013,2012-12-09,5
2012-12-07,2013,2012-12-09,5
2012-12-08,2013,2012-12-09,5
2012-12-09,2013,2012-12-09,5
2012-12-10,2013,2012-12-16,6
2012-12-11,2013,2012-12-16,6
2012-12-12,2013,2012-12-16,6
2012-12-13,2013,2012-12-16,6
2012-12-14,2013,2012-12-16,6
2012-12-15,2013,2012-12-16,6
2012-12-16,2013,2012-12-16,6
2012-12-17,2013,2012-12-23,7
2012-12-18,2013,2012-12-23,7
2012-12-19,2013,2012-12-23,7
2012-12-20,2013,2012-12-23,7
2012-12-21,2013,2012-12-23,7
2012-12-22,2013,2012-12-23,7
2012-12-23,2013,2012-12-23,7
2012-12-24,2013,2012-12-30,8
2012-12-26,2013,2012-12-30,8
2012-12-25,2013,2012-12-30,8
2012-12-28,2013,2012-12-30,8
2012-12-29,2013,2012-12-30,8
2012-12-30,2013,2012-12-30,8
2012-12-31,2013,2013-01-06,9
2013-01-01,2013,2013-01-06,9
2013-01-02,2013,2013-01-06,9
2013-01-03,2013,2013-01-06,9
2013-01-04,2013,2013-01-06,9
2013-01-05,2013,2013-01-06,9
2013-01-06,2013,2013-01-06,9
2013-01-07,2013,2013-01-13,10
2013-01-08,2013,2013-01-13,10
2013-01-09,2013,2013-01-13,10
2013-01-10,2013,2013-01-13,10
2013-01-11,2013,2013-01-13,10
2013-01-12,2013,2013-01-13,10
2013-01-13,2013,2013-01-13,10
2013-01-14,2013,2013-01-20,11
2013-01-15,2013,2013-01-20,11
2013-01-16,2013,2013-01-20,11
2013-01-17,2013,2013-01-20,11
2013-01-18,2013,2013-01-20,11
2013-01-19,2013,2013-01-20,11
2013-01-20,2013,2013-01-20,11
2013-01-21,2013,2013-01-27,12
2013-01-22,2013,2013-01-27,12
2013-01-23,2013,2013-01-27,12
2013-01-24,2013,2013-01-27,12
2013-01-25,2013,2013-01-27,12
2013-01-26,2013,2013-01-27,12
2013-01-27,2013,2013-01-27,12
2013-01-28,2013,2013-02-03,13
2013-01-29,2013,2013-02-03,13
2013-01-30,2013,2013-02-03,13
2013-01-31,2013,2013-02-03,13
2013-02-01,2013,2013-02-03,13
2013-02-02,2013,2013-02-03,13
2013-02-03,2013,2013-02-03,13
2013-02-05,2013,2013-02-10,14
2013-02-06,2013,2013-02-10,14
2013-02-07,2013,2013-02-10,14
2013-02-08,2013,2013-02-10,14
2013-02-09,2013,2013-02-10,14
2013-02-10,2013,2013-02-10,14
2013-02-11,2013,2013-02-17,15
2013-02-12,2013,2013-02-17,15
2013-02-13,2013,2013-02-17,15
2013-02-14,2013,2013-02-17,15
2013-02-15,2013,2013-02-17,15
2013-02-16,2013,2013-02-17,15
2013-02-17,2013,2013-02-17,15
2013-02-18,2013,2013-02-24,16
2013-02-19,2013,2013-02-24,16
2013-02-20,2013,2013-02-24,16
2013-02-21,2013,2013-02-24,16
2013-02-22,2013,2013-02-24,16
2013-02-23,2013,2013-02-24,16
2013-02-24,2013,2013-02-24,16
2013-02-25,2013,2013-03-03,17
2013-02-26,2013,2013-03-03,17
2013-02-27,2013,2013-03-03,17
2013-02-28,2013,2013-03-03,17
2013-03-01,2013,2013-03-03,17
2013-03-02,2013,2013-03-03,17
2013-03-03,2013,2013-03-03,17
2013-03-05,2013,2013-03-10,18
2013-03-06,2013,2013-03-10,18
2013-03-07,2013,2013-03-10,18
2013-03-08,2013,2013-03-10,18
2013-03-09,2013,2013-03-10,18
2013-03-10,2013,2013-03-10,18
2013-03-11,2013,2013-03-17,19
2013-03-12,2013,2013-03-17,19
2013-03-13,2013,2013-03-17,19
2013-03-14,2013,2013-03-17,19
2013-03-15,2013,2013-03-17,19
2013-03-16,2013,2013-03-17,19
2013-03-17,2013,2013-03-17,19
2013-03-20,2013,2013-03-24,20
2013-03-19,2013,2013-03-24,20
2013-03-21,2013,2013-03-24,20
2013-03-23,2013,2013-03-24,20
2013-03-24,2013,2013-03-24,20
2013-03-26,2013,2013-03-31,21
2013-03-25,2013,2013-03-31,21
2013-03-28,2013,2013-03-31,21
2013-03-27,2013,2013-03-31,21
2013-04-03,2013,2013-04-07,22
2013-04-02,2013,2013-04-07,22
2013-04-05,2013,2013-04-07,22
2013-11-08,2014,2013-11-10,1
2013-11-09,2014,2013-11-10,1
2013-11-10,2014,2013-11-10,1
2013-11-11,2014,2013-11-17,2
2013-11-12,2014,2013-11-17,2
2013-11-13,2014,2013-11-17,2
2013-11-14,2014,2013-11-17,2
2013-11-15,2014,2013-11-17,2
2013-11-16,2014,2013-11-17,2
2013-11-17,2014,2013-11-17,2
2013-11-19,2014,2013-11-24,3
2013-11-20,2014,2013-11-24,3
2013-11-21,2014,2013-11-24,3
2013-11-22,2014,2013-11-24,3
2013-11-23,2014,2013-11-24,3
2013-11-24,2014,2013-11-24,3
2013-11-26,2014,2013-12-01,4
2013-11-27,2014,2013-12-01,4
2013-11-30,2014,2013-12-01,4
2013-11-29,2014,2013-12-01,4
2013-12-01,2014,2013-12-01,4
2013-12-03,2014,2013-12-08,5
2013-12-04,2014,2013-12-08,5
2013-12-05,2014,2013-12-08,5
2013-12-07,2014,2013-12-08,5
2013-12-08,2014,2013-12-08,5
2013-12-09,2014,2013-12-15,6
2013-12-10,2014,2013-12-15,6
2013-12-12,2014,2013-12-15,6
2013-12-14,2014,2013-12-15,6
2013-12-15,2014,2013-12-15,6
2013-12-18,2014,2013-12-22,7
2013-12-19,2014,2013-12-22,7
2013-12-20,2014,2013-12-22,7
2013-12-21,2014,2013-12-22,7
2013-12-22,2014,2013-12-22,7
2013-12-24,2014,2013-12-29,8
2013-12-28,2014,2013-12-29,8
2013-12-29,2014,2013-12-29,8
2013-12-31,2014,2014-01-05,9
2014-01-01,2014,2014-01-05,9
2014-01-02,2014,2014-01-05,9
2014-01-04,2014,2014-01-05,9
2014-01-08,2014,2014-01-12,10
2014-01-09,2014,2014-01-12,10
2014-01-10,2014,2014-01-12,10
2014-01-11,2014,2014-01-12,10
2014-01-12,2014,2014-01-12,10
2014-01-15,2014,2014-01-19,11
2014-01-16,2014,2014-01-19,11
2014-01-17,2014,2014-01-19,11
2014-01-18,2014,2014-01-19,11
2014-01-19,2014,2014-01-19,11
2014-01-22,2014,2014-01-26,12
2014-01-23,2014,2014-01-26,12
2014-01-24,2014,2014-01-26,12
2014-01-26,2014,2014-01-26,12
2014-01-29,2014,2014-02-02,13
2014-01-30,2014,2014-02-02,13
2014-01-31,2014,2014-02-02,13
2014-02-01,2014,2014-02-02,13
2014-02-02,2014,2014-02-02,13
2014-02-05,2014,2014-02-09,14
2014-02-06,2014,2014-02-09,14
2014-02-07,2014,2014-02-09,14
2014-02-09,2014,2014-02-09,14
2014-02-13,2014,2014-02-16,15
2014-02-15,2014,2014-02-16,15
2014-02-16,2014,2014-02-16,15
2014-02-19,2014,2014-02-23,16
2014-02-20,2014,2014-02-23,16
2014-02-21,2014,2014-02-23,16
2014-02-22,2014,2014-02-23,16
2014-02-23,2014,2014-02-23,16
2014-02-27,2014,2014-03-02,17
2014-02-28,2014,2014-03-02,17
2014-03-01,2014,2014-03-02,17
2014-03-02,2014,2014-03-02,17
2014-03-04,2014,2014-03-09,18
2014-03-05,2014,2014-03-09,18
2014-03-06,2014,2014-03-09,18
2014-03-07,2014,2014-03-09,18
2014-03-08,2014,2014-03-09,18
2013-11-18,2014,2013-11-24,3
2013-11-25,2014,2013-12-01,4
2013-12-11,2014,2013-12-15,6
2013-12-16,2014,2013-12-22,7
2013-12-17,2014,2013-12-22,7
2013-12-23,2014,2013-12-29,8
2014-01-03,2014,2014-01-05,9
2014-01-05,2014,2014-01-05,9
2014-01-14,2014,2014-01-19,11
2014-01-21,2014,2014-01-26,12
2014-01-25,2014,2014-01-26,12
2014-01-28,2014,2014-02-02,13
2014-02-04,2014,2014-02-09,14
2014-02-11,2014,2014-02-16,15
2014-02-14,2014,2014-02-16,15
2014-02-18,2014,2014-02-23,16
2014-02-25,2014,2014-03-02,17
2014-03-09,2014,2014-03-09,18
2013-11-28,2014,2013-12-01,4
2013-12-06,2014,2013-12-08,5
2013-12-30,2014,2014-01-05,9
2014-01-07,2014,2014-01-12,10
2014-02-08,2014,2014-02-09,14
2014-02-12,2014,2014-02-16,15
2014-02-26,2014,2014-03-02,17
2013-12-13,2014,2013-12-15,6
2014-01-06,2014,2014-01-12,10
2013-12-02,2014,2013-12-08,5
2014-01-13,2014,2014-01-19,11
2014-02-17,2014,2014-02-23,16
2014-01-20,2014,2014-01-26,12
2014-02-10,2014,2014-02-16,15
2014-03-12,2014,2014-03-16,19
2014-01-27,2014,2014-02-02,13
2014-03-03,2014,2014-03-09,18
2014-02-24,2014,2014-03-02,17
2013-12-25,2014,2013-12-29,8
2013-12-26,2014,2013-12-29,8
2014-03-10,2014,2014-03-16,19
2014-03-11,2014,2014-03-16,19
2014-03-13,2014,2014-03-16,19
2014-03-14,2014,2014-03-16,19
2014-03-15,2014,2014-03-16,19
2014-03-16,2014,2014-03-16,19
2014-03-20,2014,2014-03-23,20
2014-03-19,2014,2014-03-23,20
2014-03-18,2014,2014-03-23,20
2014-03-22,2014,2014-03-23,20
2014-03-23,2014,2014-03-23,20
2014-03-24,2014,2014-03-30,21
2014-03-25,2014,2014-03-30,21
2014-03-26,2014,2014-03-30,21
2014-03-27,2014,2014-03-30,21
2014-04-02,2014,2014-04-06,22
2014-04-01,2014,2014-04-06,22
2014-04-03,2014,2014-04-06,22
2014-11-15,2015,2014-11-16,1
2014-11-16,2015,2014-11-16,1
2014-11-17,2015,2014-11-23,2
2014-11-18,2015,2014-11-23,2
2014-11-19,2015,2014-11-23,2
2014-11-20,2015,2014-11-23,2
2014-11-21,2015,2014-11-23,2
2014-11-22,2015,2014-11-23,2
2014-11-23,2015,2014-11-23,2
2014-11-24,2015,2014-11-30,3
2014-11-25,2015,2014-11-30,3
2014-11-27,2015,2014-11-30,3
2014-11-26,2015,2014-11-30,3
2014-11-28,2015,2014-11-30,3
2014-11-30,2015,2014-11-30,3
2014-12-02,2015,2014-12-07,4
2014-12-03,2015,2014-12-07,4
2014-12-04,2015,2014-12-07,4
2014-12-05,2015,2014-12-07,4
2014-12-06,2015,2014-12-07,4
2014-12-07,2015,2014-12-07,4
2014-12-10,2015,2014-12-14,5
2014-12-11,2015,2014-12-14,5
2014-12-13,2015,2014-12-14,5
2014-12-14,2015,2014-12-14,5
2014-12-17,2015,2014-12-21,6
2014-12-18,2015,2014-12-21,6
2014-12-20,2015,2014-12-21,6
2014-12-21,2015,2014-12-21,6
2014-12-23,2015,2014-12-28,7
2014-12-24,2015,2014-12-28,7
2014-12-28,2015,2014-12-28,7
2014-12-30,2015,2015-01-04,8
2014-12-29,2015,2015-01-04,8
2014-12-31,2015,2015-01-04,8
2015-01-01,2015,2015-01-04,8
2015-01-03,2015,2015-01-04,8
2015-01-04,2015,2015-01-04,8
2015-01-06,2015,2015-01-11,9
2015-01-07,2015,2015-01-11,9
2015-01-08,2015,2015-01-11,9
2015-01-10,2015,2015-01-11,9
2015-01-11,2015,2015-01-11,9
2015-01-14,2015,2015-01-18,10
2015-01-15,2015,2015-01-18,10
2015-01-17,2015,2015-01-18,10
2015-01-18,2015,2015-01-18,10
2015-01-20,2015,2015-01-25,11
2015-01-21,2015,2015-01-25,11
2015-01-22,2015,2015-01-25,11
2015-01-24,2015,2015-01-25,11
2015-01-27,2015,2015-02-01,12
2015-01-28,2015,2015-02-01,12
2015-01-29,2015,2015-02-01,12
2015-01-31,2015,2015-02-01,12
2015-02-01,2015,2015-02-01,12
2015-02-03,2015,2015-02-08,13
2015-02-04,2015,2015-02-08,13
2015-02-05,2015,2015-02-08,13
2015-02-07,2015,2015-02-08,13
2015-02-10,2015,2015-02-15,14
2015-02-11,2015,2015-02-15,14
2015-02-12,2015,2015-02-15,14
2015-02-14,2015,2015-02-15,14
2015-02-15,2015,2015-02-15,14
2015-02-17,2015,2015-02-22,15
2015-02-18,2015,2015-02-22,15
2015-02-19,2015,2015-02-22,15
2015-02-21,2015,2015-02-22,15
2015-02-24,2015,2015-03-01,16
2015-02-25,2015,2015-03-01,16
2015-02-26,2015,2015-03-01,16
2015-02-28,2015,2015-03-01,16
2015-03-03,2015,2015-03-08,17
2015-03-04,2015,2015-03-08,17
2015-03-05,2015,2015-03-08,17
2015-03-07,2015,2015-03-08,17
2015-03-08,2015,2015-03-08,17
2014-11-14,2015,2014-11-16,1
2014-11-29,2015,2014-11-30,3
2014-12-01,2015,2014-12-07,4
2014-12-08,2015,2014-12-14,5
2014-12-09,2015,2014-12-14,5
2014-12-12,2015,2014-12-14,5
2014-12-15,2015,2014-12-21,6
2014-12-19,2015,2014-12-21,6
2014-12-22,2015,2014-12-28,7
2015-01-02,2015,2015-01-04,8
2015-01-09,2015,2015-01-11,9
2015-01-16,2015,2015-01-18,10
2015-01-23,2015,2015-01-25,11
2015-01-25,2015,2015-01-25,11
2015-01-30,2015,2015-02-01,12
2015-02-06,2015,2015-02-08,13
2015-02-08,2015,2015-02-08,13
2015-02-13,2015,2015-02-15,14
2015-02-20,2015,2015-02-22,15
2015-02-22,2015,2015-02-22,15
2015-02-27,2015,2015-03-01,16
2015-03-01,2015,2015-03-01,16
2015-03-06,2015,2015-03-08,17
2014-12-16,2015,2014-12-21,6
2014-12-27,2015,2014-12-28,7
2015-01-05,2015,2015-01-11,9
2015-01-12,2015,2015-01-18,10
2015-01-26,2015,2015-02-01,12
2015-01-13,2015,2015-01-18,10
2015-02-16,2015,2015-02-22,15
2015-03-10,2015,2015-03-15,18
2015-01-19,2015,2015-01-25,11
2015-02-09,2015,2015-02-15,14
2015-02-23,2015,2015-03-01,16
2015-03-02,2015,2015-03-08,17
2014-12-25,2015,2014-12-28,7
2014-12-26,2015,2014-12-28,7
2015-03-09,2015,2015-03-15,18
2015-03-11,2015,2015-03-15,18
2015-03-12,2015,2015-03-15,18
2015-03-13,2015,2015-03-15,18
2015-03-14,2015,2015-03-15,18
2015-03-15,2015,2015-03-15,18
2015-03-19,2015,2015-03-22,19
2015-03-18,2015,2015-03-22,19
2015-03-17,2015,2015-03-22,19
2015-03-21,2015,2015-03-22,19
2015-03-22,2015,2015-03-22,19
2015-03-23,2015,2015-03-29,20
2015-03-24,2015,2015-03-29,20
2015-03-25,2015,2015-03-29,20
2015-03-26,2015,2015-03-29,20
2015-04-01,2015,2015-04-05,21
2015-03-31,2015,2015-04-05,21
2015-04-03,2015,2015-04-05,21
2015-11-18,2016,2015-11-22,1
2015-12-09,2016,2015-12-13,2
2015-11-20,2016,2015-11-22,1
2015-11-22,2016,2015-11-22,1
2015-11-24,2016,2015-11-29,3
2015-11-25,2016,2015-11-29,3
2015-11-14,2016,2015-11-15,4
2015-11-19,2016,2015-11-22,1
2015-12-02,2016,2015-12-06,5
2015-12-13,2016,2015-12-13,2
2015-12-20,2016,2015-12-20,6
2015-11-17,2016,2015-11-22,1
2015-11-21,2016,2015-11-22,1
2015-11-15,2016,2015-11-15,4
2015-11-28,2016,2015-11-29,3
2015-11-27,2016,2015-11-29,3
2015-12-05,2016,2015-12-06,5
2015-12-01,2016,2015-12-06,5
2015-12-03,2016,2015-12-06,5
2016-01-30,2016,2016-01-31,7
2016-01-31,2016,2016-01-31,7
2015-11-13,2016,2015-11-15,4
2015-12-08,2016,2015-12-13,2
2015-12-18,2016,2015-12-20,6
2015-12-19,2016,2015-12-20,6
2015-12-23,2016,2015-12-27,8
2015-11-29,2016,2015-11-29,3
2015-12-10,2016,2015-12-13,2
2015-12-12,2016,2015-12-13,2
2015-12-30,2016,2016-01-03,9
2015-12-06,2016,2015-12-06,5
2015-12-17,2016,2015-12-20,6
2015-12-29,2016,2016-01-03,9
2015-12-22,2016,2015-12-27,8
2015-11-23,2016,2015-11-29,3
2015-12-14,2016,2015-12-20,6
2015-11-26,2016,2015-11-29,3
2015-12-24,2016,2015-12-27,8
2015-11-16,2016,2015-11-22,1
2015-11-30,2016,2015-12-06,5
2015-12-04,2016,2015-12-06,5
2015-12-07,2016,2015-12-13,2
2015-12-16,2016,2015-12-20,6
2015-12-26,2016,2015-12-27,8
2016-01-02,2016,2016-01-03,9
2015-12-31,2016,2016-01-03,9
2016-01-08,2016,2016-01-10,10
2016-01-10,2016,2016-01-10,10
2016-01-15,2016,2016-01-17,11
2016-01-19,2016,2016-01-24,12
2016-01-22,2016,2016-01-24,12
2016-01-24,2016,2016-01-24,12
2016-01-29,2016,2016-01-31,7
2016-02-05,2016,2016-02-07,13
2016-02-07,2016,2016-02-07,13
2016-02-12,2016,2016-02-14,14
2016-02-13,2016,2016-02-14,14
2016-02-19,2016,2016-02-21,15
2016-02-21,2016,2016-02-21,15
2016-01-23,2016,2016-01-24,12
2016-01-17,2016,2016-01-17,11
2016-01-28,2016,2016-01-31,7
2016-02-02,2016,2016-02-07,13
2016-02-26,2016,2016-02-28,16
2016-02-28,2016,2016-02-28,16
2016-03-02,2016,2016-03-06,17
2016-03-04,2016,2016-03-06,17
2016-01-09,2016,2016-01-10,10
2016-01-16,2016,2016-01-17,11
2016-01-27,2016,2016-01-31,7
2016-02-17,2016,2016-02-21,15
2016-01-03,2016,2016-01-03,9
2016-02-06,2016,2016-02-07,13
2016-02-10,2016,2016-02-14,14
2016-02-14,2016,2016-02-14,14
2016-03-06,2016,2016-03-06,17
2016-02-27,2016,2016-02-28,16
2016-02-03,2016,2016-02-07,13
2016-02-20,2016,2016-02-21,15
2016-01-20,2016,2016-01-24,12
2016-02-23,2016,2016-02-28,16
2016-03-05,2016,2016-03-06,17
2016-01-12,2016,2016-01-17,11
2016-01-26,2016,2016-01-31,7
2016-01-01,2016,2016-01-03,9
2016-02-09,2016,2016-02-14,14
2016-02-16,2016,2016-02-21,15
2016-03-01,2016,2016-03-06,17
2015-12-11,2016,2015-12-13,2
2016-01-07,2016,2016-01-10,10
2016-01-14,2016,2016-01-17,11
2016-01-21,2016,2016-01-24,12
2016-02-18,2016,2016-02-21,15
2016-02-25,2016,2016-02-28,16
2016-03-03,2016,2016-03-06,17
2016-01-13,2016,2016-01-17,11
2016-02-11,2016,2016-02-14,14
2016-01-06,2016,2016-01-10,10
2016-02-04,2016,2016-02-07,13
2016-02-24,2016,2016-02-28,16
2015-12-27,2016,2015-12-27,8
2015-12-28,2016,2016-01-03,9
2016-01-05,2016,2016-01-10,10
2015-12-21,2016,2015-12-27,8
2016-01-11,2016,2016-01-17,11
2015-12-15,2016,2015-12-20,6
2016-01-04,2016,2016-01-10,10
2016-02-01,2016,2016-02-07,13
2016-02-22,2016,2016-02-28,16
2016-02-15,2016,2016-02-21,15
2016-01-25,2016,2016-01-31,7
2016-02-29,2016,2016-03-06,17
2016-01-18,2016,2016-01-24,12
2016-03-09,2016,2016-03-13,18
2016-02-08,2016,2016-02-14,14
2015-12-25,2016,2015-12-27,8
2016-03-07,2016,2016-03-13,18
2016-03-08,2016,2016-03-13,18
2016-03-10,2016,2016-03-13,18
2016-03-11,2016,2016-03-13,18
2016-03-12,2016,2016-03-13,18
2016-03-13,2016,2016-03-13,18
2016-03-16,2016,2016-03-20,19
2016-03-17,2016,2016-03-20,19
2016-03-15,2016,2016-03-20,19
2016-03-20,2016,2016-03-20,19
2016-03-22,2016,2016-03-27,20
2016-03-19,2016,2016-03-20,19
2016-03-21,2016,2016-03-27,20
2016-03-23,2016,2016-03-27,20
2016-03-24,2016,2016-03-27,20
2016-03-29,2016,2016-04-03,21
2016-03-30,2016,2016-04-03,21
2016-03-31,2016,2016-04-03,21
2016-11-12,2017,2016-11-13,1
2016-11-15,2017,2016-11-20,2
2016-11-19,2017,2016-11-20,2
2016-11-22,2017,2016-11-27,3
2016-11-30,2017,2016-12-04,4
2016-12-03,2017,2016-12-04,4
2016-12-11,2017,2016-12-11,5
2016-12-16,2017,2016-12-18,6
2016-12-18,2017,2016-12-18,6
2016-12-22,2017,2016-12-25,7
2016-12-30,2017,2017-01-01,8
2017-01-04,2017,2017-01-08,9
2017-01-08,2017,2017-01-08,9
2017-01-11,2017,2017-01-15,10
2017-01-14,2017,2017-01-15,10
2017-01-19,2017,2017-01-22,11
2017-01-21,2017,2017-01-22,11
2017-01-26,2017,2017-01-29,12
2017-01-28,2017,2017-01-29,12
2017-02-02,2017,2017-02-05,13
2017-02-05,2017,2017-02-05,13
2017-02-07,2017,2017-02-12,14
2017-02-11,2017,2017-02-12,14
2017-02-16,2017,2017-02-19,15
2017-02-18,2017,2017-02-19,15
2017-02-24,2017,2017-02-26,16
2017-02-26,2017,2017-02-26,16
2017-03-02,2017,2017-03-05,17
2017-03-04,2017,2017-03-05,17
2016-11-23,2017,2016-11-27,3
2016-11-29,2017,2016-12-04,4
2016-12-02,2017,2016-12-04,4
2016-12-04,2017,2016-12-04,4
2016-12-07,2017,2016-12-11,5
2016-12-10,2017,2016-12-11,5
2016-12-17,2017,2016-12-18,6
2016-12-21,2017,2016-12-25,7
2016-12-23,2017,2016-12-25,7
2017-01-03,2017,2017-01-08,9
2017-01-18,2017,2017-01-22,11
2017-01-22,2017,2017-01-22,11
2017-01-25,2017,2017-01-29,12
2017-02-04,2017,2017-02-05,13
2017-02-08,2017,2017-02-12,14
2017-02-12,2017,2017-02-12,14
2017-02-15,2017,2017-02-19,15
2017-02-23,2017,2017-02-26,16
2016-11-18,2017,2016-11-20,2
2016-12-12,2017,2016-12-18,6
2017-01-05,2017,2017-01-08,9
2017-01-07,2017,2017-01-08,9
2017-01-24,2017,2017-01-29,12
2017-02-01,2017,2017-02-05,13
2017-02-22,2017,2017-02-26,16
2017-03-01,2017,2017-03-05,17
2016-11-14,2017,2016-11-20,2
2016-11-25,2017,2016-11-27,3
2017-02-03,2017,2017-02-05,13
2017-02-25,2017,2017-02-26,16
2016-11-26,2017,2016-11-27,3
2016-12-01,2017,2016-12-04,4
2016-12-14,2017,2016-12-18,6
2016-12-24,2017,2016-12-25,7
2017-01-12,2017,2017-01-15,10
2016-11-13,2017,2016-11-13,1
2016-11-16,2017,2016-11-20,2
2016-11-21,2017,2016-11-27,3
2016-12-08,2017,2016-12-11,5
2016-12-20,2017,2016-12-25,7
2016-11-17,2017,2016-11-20,2
2016-12-15,2017,2016-12-18,6
2017-01-29,2017,2017-01-29,12
2017-02-09,2017,2017-02-12,14
2016-11-24,2017,2016-11-27,3
2017-03-05,2017,2017-03-05,17
2016-11-11,2017,2016-11-13,1
2016-12-13,2017,2016-12-18,6
2016-12-28,2017,2017-01-01,8
2016-12-31,2017,2017-01-01,8
2017-02-19,2017,2017-02-19,15
2017-01-15,2017,2017-01-15,10
2016-12-06,2017,2016-12-11,5
2017-02-17,2017,2017-02-19,15
2016-12-09,2017,2016-12-11,5
2017-02-21,2017,2017-02-26,16
2016-11-27,2017,2016-11-27,3
2017-01-13,2017,2017-01-15,10
2017-02-10,2017,2017-02-12,14
2017-03-03,2017,2017-03-05,17
2016-12-27,2017,2017-01-01,8
2017-01-02,2017,2017-01-08,9
2017-02-27,2017,2017-03-05,17
2017-01-27,2017,2017-01-29,12
2016-11-20,2017,2016-11-20,2
2016-12-29,2017,2017-01-01,8
2017-01-01,2017,2017-01-01,8
2017-01-06,2017,2017-01-08,9
2017-01-16,2017,2017-01-22,11
2017-01-20,2017,2017-01-22,11
2017-02-28,2017,2017-03-05,17
2017-02-20,2017,2017-02-26,16
2017-03-06,2017,2017-03-12,18
2016-12-19,2017,2016-12-25,7
2017-01-09,2017,2017-01-15,10
2017-01-17,2017,2017-01-22,11
2017-01-31,2017,2017-02-05,13
2017-02-14,2017,2017-02-19,15
2016-11-28,2017,2016-12-04,4
2017-01-23,2017,2017-01-29,12
2017-01-30,2017,2017-02-05,13
2017-02-13,2017,2017-02-19,15
2017-01-10,2017,2017-01-15,10
2016-12-05,2017,2016-12-11,5
2016-12-26,2017,2017-01-01,8
2016-12-25,2017,2016-12-25,7
2017-03-07,2017,2017-03-12,18
2017-03-08,2017,2017-03-12,18
2017-03-09,2017,2017-03-12,18
2017-03-10,2017,2017-03-12,18
2017-03-11,2017,2017-03-12,18
2017-03-12,2017,2017-03-12,18
2017-03-16,2017,2017-03-19,19
2017-03-15,2017,2017-03-19,19
2017-03-19,2017,2017-03-19,19
2017-03-20,2017,2017-03-26,20
2017-03-21,2017,2017-03-26,20
2017-03-18,2017,2017-03-19,19
2017-03-22,2017,2017-03-26,20
2017-03-23,2017,2017-03-26,20
2017-03-29,2017,2017-04-02,21
2017-03-28,2017,2017-04-02,21
2017-03-31,2017,2017-04-02,21
2017-11-11,2018,2017-11-12,1
2017-11-10,2018,2017-11-12,1
2017-11-12,2018,2017-11-12,1
2017-11-14,2018,2017-11-19,2
2017-11-15,2018,2017-11-19,2
2017-11-16,2018,2017-11-19,2
2017-11-17,2018,2017-11-19,2
2017-11-18,2018,2017-11-19,2
2017-11-19,2018,2017-11-19,2
2017-11-21,2018,2017-11-26,3
2017-11-22,2018,2017-11-26,3
2017-11-23,2018,2017-11-26,3
2017-11-25,2018,2017-11-26,3
2017-11-24,2018,2017-11-26,3
2017-11-28,2018,2017-12-03,4
2017-11-29,2018,2017-12-03,4
2017-11-30,2018,2017-12-03,4
2017-12-01,2018,2017-12-03,4
2017-12-02,2018,2017-12-03,4
2017-12-03,2018,2017-12-03,4
2017-12-05,2018,2017-12-10,5
2017-12-06,2018,2017-12-10,5
2017-12-07,2018,2017-12-10,5
2017-12-09,2018,2017-12-10,5
2017-12-10,2018,2017-12-10,5
2017-12-12,2018,2017-12-17,6
2017-12-13,2018,2017-12-17,6
2017-12-16,2018,2017-12-17,6
2017-12-17,2018,2017-12-17,6
2017-12-19,2018,2017-12-24,7
2017-12-20,2018,2017-12-24,7
2017-12-21,2018,2017-12-24,7
2017-12-23,2018,2017-12-24,7
2017-12-28,2018,2017-12-31,8
2017-12-29,2018,2017-12-31,8
2017-12-30,2018,2017-12-31,8
2017-12-31,2018,2017-12-31,8
2018-01-03,2018,2018-01-07,9
2018-01-04,2018,2018-01-07,9
2018-01-06,2018,2018-01-07,9
2018-01-07,2018,2018-01-07,9
2018-01-10,2018,2018-01-14,10
2018-01-11,2018,2018-01-14,10
2018-01-12,2018,2018-01-14,10
2018-01-13,2018,2018-01-14,10
2018-01-14,2018,2018-01-14,10
2018-01-16,2018,2018-01-21,11
2018-01-17,2018,2018-01-21,11
2018-01-19,2018,2018-01-21,11
2018-01-20,2018,2018-01-21,11
2018-01-21,2018,2018-01-21,11
2018-01-23,2018,2018-01-28,12
2018-01-24,2018,2018-01-28,12
2018-01-25,2018,2018-01-28,12
2018-01-27,2018,2018-01-28,12
2018-01-28,2018,2018-01-28,12
2018-01-30,2018,2018-02-04,13
2018-01-31,2018,2018-02-04,13
2018-02-01,2018,2018-02-04,13
2018-02-03,2018,2018-02-04,13
2018-02-04,2018,2018-02-04,13
2018-02-06,2018,2018-02-11,14
2018-02-07,2018,2018-02-11,14
2018-02-08,2018,2018-02-11,14
2018-02-09,2018,2018-02-11,14
2018-02-10,2018,2018-02-11,14
2018-02-11,2018,2018-02-11,14
2018-02-13,2018,2018-02-18,15
2018-02-14,2018,2018-02-18,15
2018-02-15,2018,2018-02-18,15
2018-02-17,2018,2018-02-18,15
2018-02-18,2018,2018-02-18,15
2018-02-20,2018,2018-02-25,16
2018-02-21,2018,2018-02-25,16
2018-02-22,2018,2018-02-25,16
2018-02-24,2018,2018-02-25,16
2018-02-25,2018,2018-02-25,16
2018-02-27,2018,2018-03-04,17
2018-02-28,2018,2018-03-04,17
2018-03-01,2018,2018-03-04,17
2018-03-03,2018,2018-03-04,17
2018-03-04,2018,2018-03-04,17
2018-03-02,2018,2018-03-04,17
2017-11-26,2018,2017-11-26,3
2017-12-22,2018,2017-12-24,7
2017-11-13,2018,2017-11-19,2
2017-11-20,2018,2017-11-26,3
2017-12-04,2018,2017-12-10,5
2017-12-08,2018,2017-12-10,5
2017-12-11,2018,2017-12-17,6
2017-12-14,2018,2017-12-17,6
2017-12-15,2018,2017-12-17,6
2017-12-18,2018,2017-12-24,7
2017-12-24,2018,2017-12-24,7
2018-01-05,2018,2018-01-07,9
2018-01-08,2018,2018-01-14,10
2018-01-09,2018,2018-01-14,10
2018-01-15,2018,2018-01-21,11
2018-01-18,2018,2018-01-21,11
2018-01-26,2018,2018-01-28,12
2018-02-02,2018,2018-02-04,13
2018-02-12,2018,2018-02-18,15
2018-02-16,2018,2018-02-18,15
2018-02-19,2018,2018-02-25,16
2018-02-23,2018,2018-02-25,16
2018-02-26,2018,2018-03-04,17
2017-11-27,2018,2017-12-03,4
2017-12-27,2018,2017-12-31,8
2018-01-01,2018,2018-01-07,9
2018-01-29,2018,2018-02-04,13
2018-01-22,2018,2018-01-28,12
2018-01-02,2018,2018-01-07,9
2017-12-25,2018,2017-12-31,8
2017-12-26,2018,2017-12-31,8
2018-03-09,2018,2018-03-11,18
2018-03-08,2018,2018-03-11,18
2018-03-10,2018,2018-03-11,18
2018-03-11,2018,2018-03-11,18
2018-03-06,2018,2018-03-11,18
2018-03-07,2018,2018-03-11,18
2018-03-05,2018,2018-03-11,18
2018-03-14,2018,2018-03-18,19
2018-03-13,2018,2018-03-18,19
2018-03-15,2018,2018-03-18,19
2018-03-17,2018,2018-03-18,19
2018-03-18,2018,2018-03-18,19
2018-03-19,2018,2018-03-25,20
2018-03-20,2018,2018-03-25,20
2018-03-21,2018,2018-03-25,20
2018-03-22,2018,2018-03-25,20
2018-03-27,2018,2018-04-01,21
2018-03-28,2018,2018-04-01,21
2018-03-29,2018,2018-04-01,21
2018-11-09,2019,2018-11-11,1
2018-11-14,2019,2018-11-18,2
2018-11-20,2019,2018-11-25,3
2018-11-25,2019,2018-11-25,3
2018-11-28,2019,2018-12-02,4
2018-12-02,2019,2018-12-02,4
2018-12-06,2019,2018-12-09,5
2018-12-08,2019,2018-12-09,5
2018-12-15,2019,2018-12-16,6
2018-12-23,2019,2018-12-23,7
2018-12-29,2019,2018-12-30,8
2019-01-04,2019,2019-01-06,9
2019-01-06,2019,2019-01-06,9
2019-01-11,2019,2019-01-13,10
2019-01-17,2019,2019-01-20,11
2019-01-20,2019,2019-01-20,11
2019-01-24,2019,2019-01-27,12
2019-01-26,2019,2019-01-27,12
2019-01-31,2019,2019-02-03,13
2019-02-02,2019,2019-02-03,13
2019-02-06,2019,2019-02-10,14
2019-02-09,2019,2019-02-10,14
2019-02-15,2019,2019-02-17,15
2019-02-19,2019,2019-02-24,16
2019-02-23,2019,2019-02-24,16
2019-02-28,2019,2019-03-03,17
2019-03-03,2019,2019-03-03,17
2019-03-08,2019,2019-03-10,18
2019-03-10,2019,2019-03-10,18
2018-11-06,2019,2018-11-11,1
2018-11-10,2019,2018-11-11,1
2018-11-15,2019,2018-11-18,2
2018-11-18,2019,2018-11-18,2
2018-11-21,2019,2018-11-25,3
2018-11-24,2019,2018-11-25,3
2018-12-01,2019,2018-12-02,4
2018-12-05,2019,2018-12-09,5
2018-12-20,2019,2018-12-23,7
2018-12-22,2019,2018-12-23,7
2019-01-12,2019,2019-01-13,10
2019-01-14,2019,2019-01-20,11
2019-01-19,2019,2019-01-20,11
2019-01-23,2019,2019-01-27,12
2019-01-25,2019,2019-01-27,12
2019-02-08,2019,2019-02-10,14
2019-02-10,2019,2019-02-10,14
2019-02-16,2019,2019-02-17,15
2019-02-20,2019,2019-02-24,16
2019-02-27,2019,2019-03-03,17
2019-03-02,2019,2019-03-03,17
2018-11-11,2019,2018-11-11,1
2018-11-16,2019,2018-11-18,2
2018-11-22,2019,2018-11-25,3
2018-12-03,2019,2018-12-09,5
2018-12-07,2019,2018-12-09,5
2018-12-16,2019,2018-12-16,6
2018-12-19,2019,2018-12-23,7
2018-12-30,2019,2018-12-30,8
2019-01-10,2019,2019-01-13,10
2019-01-27,2019,2019-01-27,12
2018-11-07,2019,2018-11-11,1
2018-11-13,2019,2018-11-18,2
2018-11-17,2019,2018-11-18,2
2018-11-23,2019,2018-11-25,3
2018-11-29,2019,2018-12-02,4
2018-12-12,2019,2018-12-16,6
2019-01-02,2019,2019-01-06,9
2019-01-05,2019,2019-01-06,9
2019-01-09,2019,2019-01-13,10
2019-01-15,2019,2019-01-20,11
2019-01-18,2019,2019-01-20,11
2019-01-21,2019,2019-01-27,12
2019-01-30,2019,2019-02-03,13
2019-02-07,2019,2019-02-10,14
2019-02-12,2019,2019-02-17,15
2019-03-09,2019,2019-03-10,18
2019-02-13,2019,2019-02-17,15
2019-02-22,2019,2019-02-24,16
2019-02-24,2019,2019-02-24,16
2019-03-01,2019,2019-03-03,17
2018-11-30,2019,2018-12-02,4
2019-01-03,2019,2019-01-06,9
2019-01-13,2019,2019-01-13,10
2019-02-17,2019,2019-02-17,15
2019-03-06,2019,2019-03-10,18
2018-11-19,2019,2018-11-25,3
2018-11-27,2019,2018-12-02,4
2019-02-03,2019,2019-02-03,13
2019-02-14,2019,2019-02-17,15
2018-12-17,2019,2018-12-23,7
2019-01-22,2019,2019-01-27,12
2018-12-18,2019,2018-12-23,7
2019-02-05,2019,2019-02-10,14
2019-02-21,2019,2019-02-24,16
2019-03-07,2019,2019-03-10,18
2019-01-07,2019,2019-01-13,10
2019-02-01,2019,2019-02-03,13
2018-12-09,2019,2018-12-09,5
2018-12-21,2019,2018-12-23,7
2019-01-16,2019,2019-01-20,11
2018-12-04,2019,2018-12-09,5
2018-12-14,2019,2018-12-16,6
2018-12-13,2019,2018-12-16,6
2018-12-31,2019,2019-01-06,9
2019-01-29,2019,2019-02-03,13
2018-11-12,2019,2018-11-18,2
2019-01-01,2019,2019-01-06,9
2019-02-26,2019,2019-03-03,17
2019-03-05,2019,2019-03-10,18
2018-12-28,2019,2018-12-30,8
2018-11-08,2019,2018-11-11,1
2018-12-11,2019,2018-12-16,6
2019-01-08,2019,2019-01-13,10
2018-11-26,2019,2018-12-02,4
2018-12-10,2019,2018-12-16,6
2019-01-28,2019,2019-02-03,13
2019-02-18,2019,2019-02-24,16
2019-02-25,2019,2019-03-03,17
2019-03-04,2019,2019-03-10,18
2019-02-11,2019,2019-02-17,15
2018-12-24,2019,2018-12-30,8
2018-12-26,2019,2018-12-30,8
2018-12-25,2019,2018-12-30,8
2019-03-13,2019,2019-03-17,19
2019-03-14,2019,2019-03-17,19
2019-03-15,2019,2019-03-17,19
2019-03-16,2019,2019-03-17,19
2019-03-17,2019,2019-03-17,19
2019-03-12,2019,2019-03-17,19
2019-03-11,2019,2019-03-17,19
2019-04-02,2019,2019-04-07,20
2019-04-03,2019,2019-04-07,20
2019-04-04,2019,2019-04-07,20
2019-03-27,2019,2019-03-31,21
2019-03-26,2019,2019-03-31,21
2019-03-28,2019,2019-03-31,21
2019-03-25,2019,2019-03-31,21
2019-03-24,2019,2019-03-24,22
2019-03-23,2019,2019-03-24,22
2019-03-19,2019,2019-03-24,22
2019-03-20,2019,2019-03-24,22
2019-03-21,2019,2019-03-24,22
2019-11-06,2020,2019-11-10,1
2019-11-07,2020,2019-11-10,1
2019-11-08,2020,2019-11-10,1
2019-11-09,2020,2019-11-10,1
2019-11-10,2020,2019-11-10,1
2019-11-11,2020,2019-11-17,2
2019-11-12,2020,2019-11-17,2
2019-11-13,2020,2019-11-17,2
2019-11-14,2020,2019-11-17,2
2019-11-15,2020,2019-11-17,2
2019-11-16,2020,2019-11-17,2
2019-11-17,2020,2019-11-17,2
2019-11-19,2020,2019-11-24,3
2019-11-20,2020,2019-11-24,3
2019-11-21,2020,2019-11-24,3
2019-11-22,2020,2019-11-24,3
2019-11-23,2020,2019-11-24,3
2019-11-24,2020,2019-11-24,3
2019-11-26,2020,2019-12-01,4
2019-11-25,2020,2019-12-01,4
2019-11-27,2020,2019-12-01,4
2019-11-29,2020,2019-12-01,4
2019-11-30,2020,2019-12-01,4
2019-12-06,2020,2019-12-08,5
2019-12-07,2020,2019-12-08,5
2019-12-09,2020,2019-12-15,6
2019-12-08,2020,2019-12-08,5
2019-12-10,2020,2019-12-15,6
2019-12-11,2020,2019-12-15,6
2019-12-12,2020,2019-12-15,6
2019-12-14,2020,2019-12-15,6
2019-12-15,2020,2019-12-15,6
2019-12-18,2020,2019-12-22,7
2019-12-19,2020,2019-12-22,7
2019-12-20,2020,2019-12-22,7
2019-12-21,2020,2019-12-22,7
2019-12-22,2020,2019-12-22,7
2019-12-28,2020,2019-12-29,8
2019-12-29,2020,2019-12-29,8
2019-12-30,2020,2020-01-05,9
2019-12-31,2020,2020-01-05,9
2020-01-01,2020,2020-01-05,9
2020-01-03,2020,2020-01-05,9
2020-01-04,2020,2020-01-05,9
2020-01-05,2020,2020-01-05,9
2020-01-06,2020,2020-01-12,10
2020-01-08,2020,2020-01-12,10
2020-01-09,2020,2020-01-12,10
2020-01-10,2020,2020-01-12,10
2020-01-11,2020,2020-01-12,10
2020-01-12,2020,2020-01-12,10
2020-01-15,2020,2020-01-19,11
2020-01-14,2020,2020-01-19,11
2020-01-16,2020,2020-01-19,11
2020-01-18,2020,2020-01-19,11
2020-01-19,2020,2020-01-19,11
2020-01-22,2020,2020-01-26,12
2020-01-23,2020,2020-01-26,12
2020-01-24,2020,2020-01-26,12
2020-01-25,2020,2020-01-26,12
2020-01-26,2020,2020-01-26,12
2020-01-28,2020,2020-02-02,13
2020-01-29,2020,2020-02-02,13
2020-01-30,2020,2020-02-02,13
2020-01-31,2020,2020-02-02,13
2020-02-01,2020,2020-02-02,13
2020-02-02,2020,2020-02-02,13
2020-02-05,2020,2020-02-09,14
2020-02-06,2020,2020-02-09,14
2020-02-08,2020,2020-02-09,14
2020-02-09,2020,2020-02-09,14
2020-02-12,2020,2020-02-16,15
2020-02-11,2020,2020-02-16,15
2020-02-13,2020,2020-02-16,15
2020-02-14,2020,2020-02-16,15
2020-02-15,2020,2020-02-16,15
2020-02-16,2020,2020-02-16,15
2020-02-19,2020,2020-02-23,16
2020-02-18,2020,2020-02-23,16
2020-02-20,2020,2020-02-23,16
2020-02-21,2020,2020-02-23,16
2020-02-22,2020,2020-02-23,16
2020-02-23,2020,2020-02-23,16
2020-02-25,2020,2020-03-01,17
2020-02-26,2020,2020-03-01,17
2020-02-27,2020,2020-03-01,17
2020-02-28,2020,2020-03-01,17
2020-02-29,2020,2020-03-01,17
2020-03-01,2020,2020-03-01,17
2020-03-04,2020,2020-03-08,18
2020-03-05,2020,2020-03-08,18
2020-03-06,2020,2020-03-08,18
2020-03-07,2020,2020-03-08,18
2020-03-08,2020,2020-03-08,18
2020-03-03,2020,2020-03-08,18
2019-11-28,2020,2019-12-01,4
2019-12-01,2020,2019-12-01,4
2019-12-04,2020,2019-12-08,5
2019-12-05,2020,2019-12-08,5
2019-12-13,2020,2019-12-15,6
2019-12-17,2020,2019-12-22,7
2020-01-17,2020,2020-01-19,11
2020-01-21,2020,2020-01-26,12
2020-02-04,2020,2020-02-09,14
2020-02-07,2020,2020-02-09,14
2019-11-05,2020,2019-11-10,1
2019-12-03,2020,2019-12-08,5
2020-01-02,2020,2020-01-05,9
2019-11-18,2020,2019-11-24,3
2020-02-17,2020,2020-02-23,16
2020-01-07,2020,2020-01-12,10
2019-12-24,2020,2019-12-29,8
2019-12-23,2020,2019-12-29,8
2019-12-02,2020,2019-12-08,5
2019-12-16,2020,2019-12-22,7
2020-01-13,2020,2020-01-19,11
2020-01-20,2020,2020-01-26,12
2020-02-24,2020,2020-03-01,17
2020-02-10,2020,2020-02-16,15
2019-12-25,2020,2019-12-29,8
2019-12-26,2020,2019-12-29,8
2020-03-11,2020,2020-03-15,19
2020-03-12,2020,2020-03-15,19
2020-03-10,2020,2020-03-15,19
2020-03-09,2020,2020-03-15,19
2020-12-12,2021,2020-12-13,1
2021-01-30,2021,2021-01-31,2
2021-02-03,2021,2021-02-07,3
2021-02-06,2021,2021-02-07,3
2021-02-13,2021,2021-02-14,4
2021-02-16,2021,2021-02-21,5
2020-12-04,2021,2020-12-06,6
2020-12-22,2021,2020-12-27,7
2020-12-19,2021,2020-12-20,8
2020-12-05,2021,2020-12-06,6
2020-12-23,2021,2020-12-27,7
2020-12-20,2021,2020-12-20,8
2021-01-01,2021,2021-01-03,9
2021-01-04,2021,2021-01-10,10
2021-01-02,2021,2021-01-03,9
2021-01-03,2021,2021-01-03,9
2021-01-08,2021,2021-01-10,10
2021-01-09,2021,2021-01-10,10
2021-01-15,2021,2021-01-17,11
2021-01-16,2021,2021-01-17,11
2021-01-22,2021,2021-01-24,12
2021-01-23,2021,2021-01-24,12
2021-01-29,2021,2021-01-31,2
2021-02-05,2021,2021-02-07,3
2021-02-12,2021,2021-02-14,4
2021-02-19,2021,2021-02-21,5
2021-02-20,2021,2021-02-21,5
2021-02-27,2021,2021-02-28,13
2021-02-26,2021,2021-02-28,13
2021-02-25,2021,2021-02-28,13
2021-02-28,2021,2021-02-28,13
2021-03-04,2021,2021-03-07,14
2021-03-05,2021,2021-03-07,14
2021-03-06,2021,2021-03-07,14
2020-12-29,2021,2021-01-03,9
2021-01-10,2021,2021-01-10,10
2021-01-17,2021,2021-01-17,11
2021-01-24,2021,2021-01-24,12
2021-01-31,2021,2021-01-31,2
2021-02-07,2021,2021-02-07,3
2021-02-14,2021,2021-02-14,4
2021-02-21,2021,2021-02-21,5
2021-03-07,2021,2021-03-07,14
2020-11-25,2021,2020-11-29,15
2021-01-07,2021,2021-01-10,10
2021-01-18,2021,2021-01-24,12
2021-01-05,2021,2021-01-10,10
2021-01-13,2021,2021-01-17,11
2021-01-12,2021,2021-01-17,11
2021-01-20,2021,2021-01-24,12
2021-01-19,2021,2021-01-24,12
2021-01-27,2021,2021-01-31,2
2021-01-26,2021,2021-01-31,2
2021-02-02,2021,2021-02-07,3
2021-02-04,2021,2021-02-07,3
2021-02-10,2021,2021-02-14,4
2021-02-17,2021,2021-02-21,5
2020-12-30,2021,2021-01-03,9
2021-03-02,2021,2021-03-07,14
2021-03-03,2021,2021-03-07,14
2020-12-06,2021,2020-12-06,6
2020-12-16,2021,2020-12-20,8
2020-12-31,2021,2021-01-03,9
2021-02-01,2021,2021-02-07,3
2021-02-23,2021,2021-02-28,13
2021-01-14,2021,2021-01-17,11
2021-01-21,2021,2021-01-24,12
2021-01-28,2021,2021-01-31,2
2021-02-11,2021,2021-02-14,4
2021-02-18,2021,2021-02-21,5
2020-11-29,2021,2020-11-29,15
2020-12-13,2021,2020-12-13,1
2020-12-17,2021,2020-12-20,8
2020-11-28,2021,2020-11-29,15
2020-12-21,2021,2020-12-27,7
2021-02-09,2021,2021-02-14,4
2021-02-24,2021,2021-02-28,13
2020-12-18,2021,2020-12-20,8
2021-01-06,2021,2021-01-10,10
2020-11-26,2021,2020-11-29,15
2020-12-09,2021,2020-12-13,1
2020-12-02,2021,2020-12-06,6
2020-12-08,2021,2020-12-13,1
2020-12-01,2021,2020-12-06,6
2020-12-10,2021,2020-12-13,1
2020-11-30,2021,2020-12-06,6
2020-12-03,2021,2020-12-06,6
2020-12-15,2021,2020-12-20,8
2020-12-24,2021,2020-12-27,7
2020-11-27,2021,2020-11-29,15
2020-12-27,2021,2020-12-27,7
2020-12-28,2021,2021-01-03,9
2021-02-22,2021,2021-02-28,13
2021-03-01,2021,2021-03-07,14
2020-12-11,2021,2020-12-13,1
2020-12-07,2021,2020-12-13,1
2020-12-14,2021,2020-12-20,8
2021-01-25,2021,2021-01-31,2
2020-12-26,2021,2020-12-27,7
2021-01-11,2021,2021-01-17,11
2021-03-08,2021,2021-03-14,16
2020-12-25,2021,2020-12-27,7
2021-02-15,2021,2021-02-21,5
2021-02-08,2021,2021-02-14,4
2021-03-14,2021,2021-03-14,16
2021-03-11,2021,2021-03-14,16
2021-03-13,2021,2021-03-14,16
2021-03-09,2021,2021-03-14,16
2021-03-10,2021,2021-03-14,16
2021-03-12,2021,2021-03-14,16
2021-03-17,2021,2021-03-21,17
2021-03-18,2021,2021-03-21,17
2021-03-19,2021,2021-03-21,17
2021-03-20,2021,2021-03-21,17
2021-03-25,2021,2021-03-28,18
2021-03-26,2021,2021-03-28,18
2021-03-27,2021,2021-03-28,18
2021-03-28,2021,2021-03-28,18
2021-11-10,2022,2021-11-14,1
2021-11-09,2022,2021-11-14,1
2021-11-11,2022,2021-11-14,1
2021-11-12,2022,2021-11-14,1
2021-11-13,2022,2021-11-14,1
2021-11-14,2022,2021-11-14,1
2021-11-15,2022,2021-11-21,2
2021-11-16,2022,2021-11-21,2
2021-11-17,2022,2021-11-21,2
2021-11-18,2022,2021-11-21,2
2021-11-19,2022,2021-11-21,2
2021-11-20,2022,2021-11-21,2
2021-11-21,2022,2021-11-21,2
2021-11-22,2022,2021-11-28,3
2021-11-23,2022,2021-11-28,3
2021-11-24,2022,2021-11-28,3
2021-11-25,2022,2021-11-28,3
2021-11-26,2022,2021-11-28,3
2021-11-27,2022,2021-11-28,3
2021-11-28,2022,2021-11-28,3
2021-11-29,2022,2021-12-05,4
2021-11-30,2022,2021-12-05,4
2021-12-01,2022,2021-12-05,4
2021-12-02,2022,2021-12-05,4
2021-12-03,2022,2021-12-05,4
2021-12-04,2022,2021-12-05,4
2021-12-05,2022,2021-12-05,4
2021-12-06,2022,2021-12-12,5
2021-12-07,2022,2021-12-12,5
2021-12-08,2022,2021-12-12,5
2021-12-09,2022,2021-12-12,5
2021-12-10,2022,2021-12-12,5
2021-12-11,2022,2021-12-12,5
2021-12-12,2022,2021-12-12,5
2021-12-13,2022,2021-12-19,6
2021-12-14,2022,2021-12-19,6
2021-12-15,2022,2021-12-19,6
2021-12-16,2022,2021-12-19,6
2021-12-17,2022,2021-12-19,6
2021-12-18,2022,2021-12-19,6
2021-12-19,2022,2021-12-19,6
2021-12-20,2022,2021-12-26,7
2021-12-21,2022,2021-12-26,7
2021-12-22,2022,2021-12-26,7
2021-12-23,2022,2021-12-26,7
2021-12-24,2022,2021-12-26,7
2021-12-25,2022,2021-12-26,7
2021-12-27,2022,2022-01-02,8
2021-12-28,2022,2022-01-02,8
2021-12-29,2022,2022-01-02,8
2021-12-30,2022,2022-01-02,8
2021-12-31,2022,2022-01-02,8
2022-01-01,2022,2022-01-02,8
2022-01-02,2022,2022-01-02,8
2022-01-03,2022,2022-01-09,9
2022-01-04,2022,2022-01-09,9
2022-01-05,2022,2022-01-09,9
2022-01-06,2022,2022-01-09,9
2022-01-07,2022,2022-01-09,9
2022-01-08,2022,2022-01-09,9
2022-01-09,2022,2022-01-09,9
2022-01-10,2022,2022-01-16,10
2022-01-11,2022,2022-01-16,10
2022-01-12,2022,2022-01-16,10
2022-01-13,2022,2022-01-16,10
2022-01-14,2022,2022-01-16,10
2022-01-15,2022,2022-01-16,10
2022-01-16,2022,2022-01-16,10
2022-01-17,2022,2022-01-23,11
2022-01-18,2022,2022-01-23,11
2022-01-19,2022,2022-01-23,11
2022-01-20,2022,2022-01-23,11
2022-01-21,2022,2022-01-23,11
2022-01-22,2022,2022-01-23,11
2022-01-23,2022,2022-01-23,11
2022-01-24,2022,2022-01-30,12
2022-01-25,2022,2022-01-30,12
2022-01-26,2022,2022-01-30,12
2022-01-27,2022,2022-01-30,12
2022-01-28,2022,2022-01-30,12
2022-01-29,2022,2022-01-30,12
2022-01-30,2022,2022-01-30,12
2022-01-31,2022,2022-02-06,13
2022-02-01,2022,2022-02-06,13
2022-02-02,2022,2022-02-06,13
2022-02-03,2022,2022-02-06,13
2022-02-04,2022,2022-02-06,13
2022-02-05,2022,2022-02-06,13
2022-02-06,2022,2022-02-06,13
2022-02-07,2022,2022-02-13,14
2022-02-08,2022,2022-02-13,14
2022-02-09,2022,2022-02-13,14
2022-02-10,2022,2022-02-13,14
2022-02-11,2022,2022-02-13,14
2022-02-12,2022,2022-02-13,14
2022-02-13,2022,2022-02-13,14
2022-02-15,2022,2022-02-20,15
2022-02-14,2022,2022-02-20,15
2022-02-16,2022,2022-02-20,15
2022-02-17,2022,2022-02-20,15
2022-02-18,2022,2022-02-20,15
2022-02-19,2022,2022-02-20,15
2022-02-20,2022,2022-02-20,15
2022-02-21,2022,2022-02-27,16
2022-02-22,2022,2022-02-27,16
2022-02-23,2022,2022-02-27,16
2022-02-24,2022,2022-02-27,16
2022-02-25,2022,2022-02-27,16
2022-02-26,2022,2022-02-27,16
2022-02-27,2022,2022-02-27,16
2022-02-28,2022,2022-03-06,17
2022-03-01,2022,2022-03-06,17
2022-03-02,2022,2022-03-06,17
2022-03-03,2022,2022-03-06,17
2022-03-04,2022,2022-03-06,17
2022-03-05,2022,2022-03-06,17
2022-03-06,2022,2022-03-06,17
2022-03-07,2022,2022-03-13,18
2022-03-08,2022,2022-03-13,18
2022-03-09,2022,2022-03-13,18
2022-03-10,2022,2022-03-13,18
2022-03-11,2022,2022-03-13,18
2022-03-12,2022,2022-03-13,18
2022-03-13,2022,2022-03-13,18
2022-03-15,2022,2022-03-20,19
2022-03-16,2022,2022-03-20,19
2022-03-17,2022,2022-03-20,19
2022-03-18,2022,2022-03-20,19
2022-03-19,2022,2022-03-20,19
2022-03-20,2022,2022-03-20,19
2022-03-21,2022,2022-03-27,20
2022-03-22,2022,2022-03-27,20
2022-03-23,2022,2022-03-27,20
2022-03-24,2022,2022-03-27,20
2022-03-25,2022,2022-03-27,20
2022-03-26,2022,2022-03-27,20
2022-03-27,2022,2022-03-27,20
2022-03-29,2022,2022-04-03,21
2022-03-30,2022,2022-04-03,21
2022-03-31,2022,2022-04-03,21
2022-04-01,2022,2022-04-03,21
2022-04-02,2022,2022-04-03,21
2022-04-03,2022,2022-04-03,21
2022-04-05,2022,2022-04-10,22
